{"skeleton":{"hash":"jPorA/QcQeI","spine":"4.2.40","x":-342.97,"y":-6.97,"width":717,"height":549.15,"images":"./images/","audio":"./audio"},"bones":[{"name":"root"},{"name":"FRAME","parent":"root","x":2.68,"y":41.91,"color":"ff0000ff","icon":"circle"},{"name":"JOE","parent":"root","x":0.34,"y":156.67,"color":"ff0000ff","icon":"circle"},{"name":"CACTUS","parent":"root","x":16.73,"y":365.9,"color":"ff0000ff","icon":"circle"}],"slots":[{"name":"FRAME","bone":"FRAME","attachment":"FRAME"},{"name":"JOE","bone":"JOE","attachment":"JOE"},{"name":"CACTUS","bone":"CACTUS","attachment":"CACTUS"},{"name":"CACTUS light 1","bone":"CACTUS","color":"ffffff00","attachment":"CACTUS light 1","blend":"additive"},{"name":"CACTUS light 2","bone":"CACTUS","color":"ffffff00","attachment":"CACTUS light 2","blend":"additive"},{"name":"JOE light","bone":"JOE","color":"51ff2100","attachment":"JOE light 1","blend":"additive"},{"name":"JOE light 2","bone":"JOE","color":"51ff2100","attachment":"JOE light 2","blend":"additive"}],"skins":[{"name":"default","attachments":{"CACTUS":{"CACTUS":{"type":"mesh","uvs":[1,1,0,1,0,0,1,0],"triangles":[1,2,3,1,3,0],"vertices":[357.3,-96.87,-359.7,-96.87,-359.7,176.13,357.3,176.13],"hull":4,"edges":[0,2,2,4,4,6,0,6],"width":717,"height":273}},"CACTUS light 1":{"CACTUS light 1":{"type":"mesh","uvs":[1,1,0,1,0,0,1,0],"triangles":[1,2,3,1,3,0],"vertices":[348.96,-77.72,-354.04,-77.72,-354.04,176.28,348.96,176.28],"hull":4,"edges":[0,2,2,4,4,6,0,6],"width":703,"height":254}},"CACTUS light 2":{"CACTUS light 2":{"type":"mesh","uvs":[1,1,0,1,0,0,1,0],"triangles":[1,2,3,1,3,0],"vertices":[351.55,-71.9,-352.45,-71.9,-352.45,174.1,351.55,174.1],"hull":4,"edges":[0,2,2,4,4,6,0,6],"width":704,"height":246}},"FRAME":{"FRAME":{"type":"mesh","uvs":[0.07464,0.15217,0,0.50882,0.07652,1,0.30117,0.91599,0.49369,0.89265,0.73387,0.93466,0.92706,1,1,0.49076,0.91765,0.17022,0.72672,0.02124,0.44002,0,0.19266,0.08896,0.28389,0.30784,0.48001,0.24094,0.71497,0.28395],"triangles":[13,10,9,14,13,9,12,11,10,12,10,13,14,9,8,7,14,8,1,0,11,1,11,12,4,13,14,3,12,13,3,13,4,2,1,12,6,5,14,4,14,5,3,2,12,7,6,14],"vertices":[-241.65,52.86,-284.65,10.06,-240.57,-48.88,-111.18,-38.8,-0.28,-36,138.06,-41.04,249.34,-48.88,291.35,12.23,243.92,50.69,133.95,68.57,-31.2,71.12,-173.68,60.45,-121.13,34.18,-8.16,42.21,127.17,37.05],"hull":12,"edges":[0,2,2,4,12,14,14,16,16,18,18,20,20,22,0,22,2,24,24,26,26,28,28,14,4,6,6,8,8,10,10,12],"width":576,"height":120}},"JOE":{"JOE":{"type":"mesh","uvs":[1,1,0,1,0,0,1,0],"triangles":[1,2,3,1,3,0],"vertices":[310.69,-87.64,-292.31,-87.64,-292.31,173.36,310.69,173.36],"hull":4,"edges":[0,2,2,4,4,6,0,6],"width":603,"height":261}},"JOE light":{"JOE light 1":{"x":8.28,"y":29.44,"width":576,"height":229}},"JOE light 2":{"JOE light 2":{"x":6.1,"y":32.88,"width":577,"height":223}}}}],"animations":{"LOGO":{"slots":{"CACTUS light 1":{"rgba":[{"time":0.4,"color":"ffffff00"},{"time":0.7333,"color":"ffffff50"},{"time":1.0667,"color":"ffffff00"}]},"CACTUS light 2":{"rgba":[{"time":0.7333,"color":"ffffff00"},{"time":1.0667,"color":"ffffff50"},{"time":1.4,"color":"ffffff00"}]},"JOE light":{"rgba":[{"time":0.4,"color":"51ff2100","curve":[0.479,0.32,0.554,0.32,0.479,1,0.554,1,0.479,0.13,0.554,0.13,0.479,0.09,0.554,0.27]},{"time":0.6333,"color":"51ff2145","curve":[0.713,0.32,0.787,0.32,0.713,1,0.787,1,0.713,0.13,0.787,0.13,0.713,0.27,0.787,0.09]},{"time":0.8667,"color":"51ff2100"}]},"JOE light 2":{"rgba":[{"time":0.5333,"color":"51ff2100","curve":[0.613,0.32,0.687,0.32,0.613,1,0.687,1,0.613,0.13,0.687,0.13,0.613,0.09,0.687,0.27]},{"time":0.7667,"color":"51ff2145","curve":[0.846,0.32,0.954,0.32,0.846,1,0.954,1,0.846,0.13,0.954,0.13,0.846,0.27,0.954,0.09]},{"time":1.0333,"color":"51ff2100"}]}},"bones":{"JOE":{"translate":[{"time":0.4,"curve":[0.511,0,0.622,0,0.511,0,0.622,-15.95]},{"time":0.7333,"y":-15.95,"curve":[0.844,0,0.956,0,0.844,-15.95,0.956,-5.32]},{"time":1.0667}],"scale":[{"time":0.4,"curve":[0.511,1,0.622,1.077,0.511,1,0.622,1.001]},{"time":0.7333,"x":1.077,"y":1.001,"curve":[0.844,1.077,0.956,1,0.844,1.001,0.956,1]},{"time":1.0667,"curve":"stepped"},{"time":1.6667}]},"CACTUS":{"translate":[{"time":0.6333,"curve":[0.744,0,0.856,0,0.744,-5.27,0.856,-15.8]},{"time":0.9667,"y":-15.8,"curve":[1.078,0,1.189,0,1.078,-15.8,1.189,-5.27]},{"time":1.3}],"scale":[{"time":0.6333,"curve":[0.744,1,0.856,1.093,0.744,1,0.856,1.093]},{"time":0.9667,"x":1.093,"y":1.093,"curve":[1.078,1.093,1.189,1,1.078,1.093,1.189,1]},{"time":1.3}]},"FRAME":{"scale":[{"time":0.3333,"curve":[0.444,1,0.556,1.093,0.444,1,0.556,1.093]},{"time":0.6667,"x":1.093,"y":1.093,"curve":[0.778,1.093,0.889,1,0.778,1.093,0.889,1]},{"time":1}]}},"attachments":{"default":{"FRAME":{"FRAME":{"deform":[{"time":0.3333,"curve":[0.456,0,0.578,1]},{"time":0.7,"offset":3,"vertices":[-19.40856,0,0,0,0,0,0,0,0,0,0,0,-19.40856,0,0,0,0,0,0,0,0,0,-19.40856,0,-19.40856,0,-19.40856],"curve":[0.8,0,0.9,1]},{"time":1}]}}}}}}}