{"skeleton":{"hash":"j/2leWcXtUs","spine":"4.2.40","images":"./images/","audio":"./audio"},"bones":[{"name":"root"},{"name":"bell","parent":"root","x":-786.44,"y":366.09},{"name":"night back","parent":"root","x":-19.16,"y":-462.21},{"name":"flag1","parent":"night back","x":-941.82,"y":431.19},{"name":"flag3","parent":"night back","x":-758.36,"y":392.82},{"name":"flag2","parent":"night back","x":-941.32,"y":614.29},{"name":"flag4","parent":"night back","x":-734.76,"y":567.45},{"name":"flag5","parent":"night back","x":-645.61,"y":596.71},{"name":"flag6","parent":"night back","x":-538.39,"y":542.59},{"name":"flag7","parent":"night back","x":-732.94,"y":409.44},{"name":"flag8","parent":"night back","x":-613.88,"y":376.12},{"name":"flag9","parent":"night back","x":-490.4,"y":344.76},{"name":"flag10","parent":"night back","x":586.83,"y":317.19},{"name":"flag11","parent":"night back","x":718.2,"y":340.37},{"name":"flag12","parent":"night back","x":838.75,"y":361.49},{"name":"flag13","parent":"night back","x":810.94,"y":433.79},{"name":"flag14","parent":"night back","x":978.89,"y":462.64},{"name":"flag15","parent":"night back","x":827.54,"y":557.75},{"name":"flag16","parent":"night back","x":886.27,"y":584.03},{"name":"flag17","parent":"night back","x":967.15,"y":614.94},{"name":"flag18","parent":"night back","x":525.75,"y":442.57},{"name":"flag19","parent":"night back","x":622.39,"y":486.45},{"name":"flag20","parent":"flag2","x":109.44,"y":-57.48},{"name":"flag21","parent":"flag1","x":96.16,"y":-42.09},{"name":"flag22","parent":"flag7","x":61.25,"y":-62.32},{"name":"flag23","parent":"flag8","x":68.89,"y":-50.78},{"name":"flag24","parent":"flag5","x":48.62,"y":-62.99},{"name":"flag25","parent":"flag17","x":-31,"y":-51.05},{"name":"flag26","parent":"flag16","x":-19.25,"y":-46.45},{"name":"flag27","parent":"flag14","x":-93.96,"y":-51.62},{"name":"flag28","parent":"flag12","x":-64.5,"y":-45.75},{"name":"flag29","parent":"flag11","x":-66.39,"y":-43.8},{"name":"flag30","parent":"flag19","x":-48.87,"y":-53.91},{"name":"flag31","parent":"flag1","x":43.45,"y":-35.47},{"name":"flag32","parent":"flag3","x":-39.17,"y":-12.14}],"slots":[{"name":"root","bone":"root","attachment":"root"},{"name":"V f1","bone":"root"},{"name":"mask bird","bone":"root"},{"name":"bell","bone":"bell"},{"name":"mask","bone":"root"},{"name":"wind line 1","bone":"root"},{"name":"wind line 2","bone":"root","color":"ff986c9f"},{"name":"wind line 3","bone":"root"},{"name":"BACK","bone":"root"},{"name":"ground light","bone":"night back"},{"name":"ground light2","bone":"night back","blend":"additive"},{"name":"CANDLES","bone":"night back"},{"name":"FLAMES","bone":"night back"},{"name":"candle lights","bone":"night back","color":"a7a7a7ff"},{"name":"FLAGS","bone":"night back"},{"name":"flag8","bone":"flag30"},{"name":"flag7","bone":"flag29"},{"name":"flag6","bone":"flag27"},{"name":"flag5","bone":"flag26"},{"name":"flag4","bone":"flag23"},{"name":"flag3","bone":"flag32"},{"name":"flag2","bone":"flag24"},{"name":"flag1","bone":"flag20"},{"name":"light 1","bone":"night back"},{"name":"ight 6","bone":"night back"},{"name":"light 4","bone":"night back"},{"name":"light 5","bone":"night back"},{"name":"light 3","bone":"night back"},{"name":"light2","bone":"night back"},{"name":"light","bone":"root","color":"ffb17f00","blend":"additive"}],"skins":[{"name":"default","attachments":{"BACK":{"BACK":{"width":1920,"height":1080}},"bell":{"bell":{"x":-3.45,"y":-27.29,"width":64,"height":52}},"candle lights":{"candle lights":{"type":"mesh","uvs":[1,1,0,1,0,0,1,0],"triangles":[1,2,3,1,3,0],"vertices":[1008.31,118.35,-943.97,118.35,-943.97,842.55,1008.31,842.55],"hull":4,"edges":[0,2,2,4,4,6,0,6],"width":1914,"height":710}},"CANDLES":{"CANDLES":{"x":33.68,"y":520.27,"scaleX":1.02,"scaleY":1.02,"width":1922,"height":850}},"flag1":{"flag1":{"type":"mesh","uvs":[0,0,0,0.29302,0.03272,0.65903,0.15312,0.75139,0.34493,0.78218,0.46254,0.86427,0.58435,0.91216,0.78736,0.98399,0.88396,1,0.97497,0.96347,1,0.55299,0.83076,0.5701,0.67955,0.50852,0.39674,0.37512,0.25533,0.2554,0.10832,0.06042],"triangles":[9,8,11,8,7,11,7,12,11,9,11,10,6,12,7,6,5,12,4,13,5,5,13,12,4,14,13,3,14,4,14,3,1,14,1,15,1,3,2,1,0,15],"vertices":[1,5,-1.88,3.33,1,2,5,-1.88,-22.46,0.93426,22,-111.32,35.02,0.06574,2,5,5.16,-54.67,0.80716,22,-104.29,2.81,0.19284,2,5,31.04,-62.79,0.66216,22,-78.4,-5.32,0.33784,2,5,72.28,-65.5,0.24609,22,-37.16,-8.02,0.75391,3,5,97.57,-72.73,0.03442,22,-11.87,-15.25,0.96535,6,-108.99,-25.9,2.3E-4,2,22,14.31,-19.46,0.89206,6,-82.8,-30.11,0.10794,2,22,57.96,-25.78,0.35328,6,-39.16,-36.43,0.64672,2,22,78.73,-27.19,0.14242,6,-18.39,-37.84,0.85758,2,22,98.3,-23.98,0.05053,6,1.18,-34.62,0.94947,1,6,6.56,1.5,1,2,22,67.29,10.64,0.26794,6,-29.82,-0.01,0.73206,2,22,34.78,16.06,0.73096,6,-62.33,5.41,0.26904,2,5,83.42,-29.68,0.22,22,-26.02,27.8,0.78,2,5,53.02,-19.15,0.59285,22,-56.42,38.33,0.40715,2,5,21.41,-1.99,0.92442,22,-88.03,55.49,0.07558],"hull":16,"edges":[0,2,2,4,4,6,6,8,8,10,10,12,12,14,14,16,16,18,18,20,20,22,22,24,24,26,26,28,28,30,0,30],"width":215,"height":88}},"flag2":{"flag2":{"type":"mesh","uvs":[0.12109,0,0.04555,0.05075,0,0.27757,0.03738,0.40481,0.20276,0.64269,0.36404,0.83632,0.5825,0.93866,0.73766,1,0.90712,0.98292,1,0.89717,1,0.60673,0.8867,0.64269,0.70091,0.62333,0.49675,0.50992,0.30075,0.26651,0.20684,0.11161],"triangles":[7,11,8,7,12,11,8,11,9,11,10,9,6,12,7,5,13,6,6,13,12,5,4,13,4,14,13,14,4,3,14,3,15,1,15,2,1,0,15,15,3,2],"vertices":[1,7,0.38,4.46,1,2,7,-9.14,-0.26,0.99622,26,-57.76,62.73,0.00378,2,7,-14.88,-21.35,0.88313,26,-63.5,41.64,0.11687,2,7,-10.17,-33.19,0.78086,26,-58.79,29.8,0.21914,2,7,10.67,-55.31,0.35886,26,-37.95,7.68,0.64114,2,7,30.99,-73.32,0.05847,26,-17.63,-10.33,0.94153,2,26,9.9,-19.84,0.81134,8,-48.7,-28.71,0.18866,2,26,29.45,-25.55,0.47451,8,-29.15,-34.42,0.52549,2,26,50.8,-23.96,0.18329,8,-7.8,-32.83,0.81671,2,26,62.5,-15.99,0.08553,8,3.9,-24.85,0.91447,1,8,3.9,2.16,1,2,26,48.23,7.68,0.12349,8,-10.37,-1.19,0.87651,2,26,24.82,9.48,0.66036,8,-33.78,0.62,0.33964,3,7,47.71,-42.96,0.10246,26,-0.91,20.03,0.8937,8,-59.51,11.16,0.00384,2,7,23.01,-20.32,0.62587,26,-25.6,42.67,0.37413,2,7,11.18,-5.92,0.91221,26,-37.44,57.07,0.08779],"hull":16,"edges":[0,2,2,4,4,6,6,8,8,10,10,12,12,14,14,16,16,18,18,20,20,22,22,24,24,26,26,28,28,30,0,30],"width":126,"height":93}},"flag3":{"flag3":{"type":"mesh","uvs":[0,0,0,0.38308,0.03755,0.74019,0.28124,0.82023,0.39122,0.90028,0.59178,0.97416,0.73627,0.99879,0.89154,1,1,0.67246,1,0.53085,0.83979,0.50007,0.65217,0.44465,0.50121,0.21068,0.35888,0.19837,0.16047,0.1368,0.0548,0.03213],"triangles":[7,10,8,10,9,8,6,10,7,5,11,6,6,11,10,11,5,12,5,4,12,4,13,12,3,13,4,2,14,3,3,14,13,14,2,1,14,1,15,1,0,15],"vertices":[1,3,-3.25,2.14,1,2,3,-3.25,-24.3,0.66765,33,-46.69,11.18,0.33235,2,3,4.15,-48.94,0.36719,33,-39.3,-13.46,0.63281,3,3,52.16,-54.46,5.0E-5,33,8.71,-18.98,0.7985,23,-44,-12.37,0.20144,2,33,30.38,-24.51,0.33243,23,-22.34,-17.89,0.66757,2,23,17.17,-22.99,0.58875,34,-30.96,-14.56,0.41125,3,23,45.64,-24.69,0.04783,34,-2.49,-16.26,0.93203,4,-41.66,-28.41,0.02014,2,34,28.1,-16.35,0.49474,4,-11.07,-28.49,0.50526,2,34,49.46,6.25,0.0044,4,10.29,-5.89,0.9956,1,4,10.29,3.88,1,3,23,66.03,9.72,2.2E-4,34,17.9,18.15,0.55552,4,-21.27,6.01,0.44426,2,23,29.07,13.54,0.48495,34,-19.06,21.97,0.51505,3,33,52.04,23.07,0.12502,23,-0.67,29.69,0.85868,34,-48.8,38.12,0.0163,3,3,67.45,-11.55,0.00308,33,24,23.92,0.57565,23,-28.71,30.54,0.42126,3,3,28.37,-7.3,0.41725,33,-15.08,28.17,0.58102,23,-67.79,34.79,0.00172,2,3,7.55,-0.08,0.9216,33,-35.9,35.39,0.0784],"hull":16,"edges":[0,2,2,4,4,6,6,8,8,10,10,12,12,14,14,16,16,18,18,20,20,22,22,24,24,26,26,28,28,30,0,30],"width":197,"height":69}},"flag4":{"flag4":{"type":"mesh","uvs":[0.0909,2.7E-4,0,0,0,0.28097,0.04644,0.51235,0.14853,0.7096,0.56513,0.89926,0.70345,0.99409,0.86483,1,0.97845,1,1,0.66029,1,0.52753,0.90764,0.5427,0.78743,0.56167,0.6804,0.55029,0.56843,0.46684,0.56678,0.32269,0.52397,0.25442,0.45481,0.28097,0.43999,0.37959,0.29673,0.36821,0.13206,0.24304,0.07443,0.17476],"triangles":[8,7,9,7,11,9,7,12,11,11,10,9,6,12,7,5,13,6,6,13,12,5,14,13,19,18,5,5,18,14,16,14,18,14,16,15,17,16,18,4,19,5,3,20,4,4,20,19,3,21,20,3,2,21,2,1,21,21,1,0],"vertices":[1,9,18.03,7.65,1,2,9,-5.42,7.68,0.99997,24,-66.67,70,3.0E-5,2,9,-5.42,-23.79,0.76776,24,-66.67,38.53,0.23224,2,9,6.56,-49.71,0.43672,24,-54.69,12.62,0.56328,2,9,32.9,-71.8,0.12418,24,-28.35,-9.48,0.87582,3,24,79.14,-30.72,0.04758,10,21.32,-59.72,0.38348,25,-47.57,-8.94,0.56893,4,24,114.82,-41.34,3.7E-4,10,57.01,-70.34,0.04854,25,-11.88,-19.56,0.95058,11,-66.47,-38.98,5.2E-4,2,25,29.75,-20.22,0.53233,11,-24.84,-39.65,0.46767,2,25,59.07,-20.22,0.18946,11,4.48,-39.65,0.81054,2,25,64.63,17.82,4.9E-4,11,10.04,-1.6,0.99951,1,11,10.04,13.27,1,2,25,40.8,30.99,0.16429,11,-13.79,11.57,0.83571,3,10,78.67,-21.91,0.01765,25,9.78,28.87,0.77309,11,-44.8,9.45,0.20926,3,10,51.06,-20.64,0.22657,25,-17.83,30.14,0.76942,11,-72.42,10.72,0.00402,3,24,79.99,17.71,0.00571,10,22.17,-11.29,0.74484,25,-46.72,39.49,0.24945,2,10,21.74,4.85,0.94997,25,-47.14,55.63,0.05003,2,10,10.7,12.5,0.99176,25,-58.19,63.28,0.00824,2,24,50.67,38.53,0.00447,10,-7.15,9.53,0.99553,3,24,46.85,27.48,0.14195,10,-10.97,-1.52,0.85408,25,-79.86,49.26,0.00397,3,9,71.14,-33.56,0.03252,24,9.89,28.76,0.83288,10,-47.93,-0.25,0.1346,2,9,28.65,-19.54,0.47384,24,-32.6,42.78,0.52616,2,9,13.78,-11.9,0.81024,24,-47.47,50.43,0.18976],"hull":22,"edges":[0,2,2,4,4,6,6,8,8,10,10,12,12,14,14,16,16,18,18,20,20,22,22,24,24,26,26,28,28,30,30,32,32,34,34,36,36,38,38,40,40,42,0,42],"width":258,"height":112}},"flag5":{"flag5":{"type":"mesh","uvs":[0.05023,0.53932,0,0.60082,0,0.82289,0.06813,0.82972,0.10193,0.96639,0.12182,1,0.21527,1,0.32464,0.97322,0.42804,0.86731,0.54735,0.80581,0.69648,0.74431,0.86153,0.73748,1,0.5769,1,0.38557,1,0.12591,0.85755,0.02342,0.77801,0,0.66268,0.05758,0.53939,0.17375,0.42009,0.28308,0.35844,0.32407,0.30277,0.37874,0.19141,0.48124],"triangles":[6,3,22,3,1,0,3,0,22,3,2,1,22,7,6,4,3,6,8,7,22,4,6,5,22,21,8,21,20,8,8,20,9,9,20,19,9,19,18,10,9,18,18,17,10,17,11,10,16,13,11,16,11,17,12,11,13,13,16,15,15,14,13],"vertices":[3,18,-60.13,-9.14,0.04198,28,-40.88,37.3,0.00811,17,-1.4,17.13,0.94991,2,18,-69.62,-15.91,0.00428,17,-10.89,10.36,0.99572,2,28,-50.37,6.11,0.01737,17,-10.89,-14.06,0.98263,3,18,-56.74,-41.09,9.0E-4,28,-37.5,5.36,0.21809,17,1.99,-14.82,0.78101,2,28,-31.11,-9.68,0.61067,17,8.37,-29.85,0.38933,2,28,-27.35,-13.37,0.65829,17,12.13,-33.55,0.34171,2,28,-9.69,-13.37,0.89142,17,29.8,-33.55,0.10858,3,27,-58.15,-36.74,0.02993,18,-8.26,-56.87,0.02379,28,10.98,-10.43,0.94628,3,27,-38.6,-25.09,0.24568,18,11.28,-45.22,0.21861,28,30.53,1.22,0.53571,3,27,-16.06,-18.32,0.69399,18,33.83,-38.46,0.15474,28,53.08,7.99,0.15127,3,19,-18.86,-62.6,0.07802,27,12.13,-11.56,0.92132,28,81.26,14.75,6.6E-4,2,19,12.33,-61.85,0.40732,27,43.32,-10.81,0.59268,2,19,38.5,-44.19,0.64697,27,69.5,6.86,0.35303,2,19,38.5,-23.14,0.79323,27,69.5,27.9,0.20677,2,19,38.5,5.42,0.96917,27,69.5,56.47,0.03083,1,19,11.58,16.69,1,3,19,-3.46,19.27,0.98879,27,27.54,70.32,0.00114,18,77.42,50.18,0.01007,3,19,-25.25,12.94,0.78742,27,5.74,63.98,0.10037,18,55.63,43.85,0.11222,3,19,-48.55,0.16,0.35733,27,-17.56,51.2,0.24618,18,32.33,31.07,0.39649,3,19,-71.1,-11.87,0.0744,27,-40.11,39.18,0.11477,18,9.78,19.04,0.81083,4,19,-82.75,-16.38,0.01664,27,-51.76,34.67,0.0189,18,-1.87,14.53,0.96109,17,56.86,40.81,0.00338,4,19,-93.28,-22.39,5.0E-4,18,-12.4,8.52,0.92212,28,6.85,54.97,0.0262,17,46.33,34.79,0.05118,3,18,-33.44,-2.76,0.43456,28,-14.2,43.69,0.1572,17,25.29,23.52,0.40824],"hull":23,"edges":[0,2,2,4,4,6,6,8,8,10,10,12,12,14,14,16,16,18,18,20,20,22,22,24,24,26,26,28,28,30,30,32,32,34,34,36,36,38,38,40,40,42,42,44,0,44],"width":189,"height":110}},"flag6":{"flag6":{"type":"mesh","uvs":[0.01205,0.39307,0,0.61354,0,0.81993,0.12336,0.97942,0.16974,1,0.34412,1,0.47954,0.97942,0.69474,0.95596,0.84685,0.84338,1,0.66513,1,0.26173,1,0,0.91549,0.08348,0.77822,0.24765,0.64836,0.36023,0.49253,0.4259,0.37566,0.48219,0.23838,0.4775,0.07142,0.45405],"triangles":[4,3,17,3,1,18,3,18,17,3,2,1,1,0,18,4,17,5,5,16,6,5,17,16,6,15,7,15,14,7,6,16,15,7,14,8,14,13,8,8,13,9,9,13,10,13,12,10,12,11,10],"vertices":[1,15,-3.45,5.78,1,2,29,-79.57,13.12,0.01353,15,-5.59,-9.66,0.98647,2,29,-79.57,-1.33,0.05304,15,-5.59,-24.1,0.94696,2,29,-57.74,-12.49,0.25687,15,16.25,-35.27,0.74313,2,29,-49.53,-13.93,0.35273,15,24.46,-36.71,0.64727,2,29,-18.67,-13.93,0.8194,15,55.32,-36.71,0.1806,3,16,-88.65,-64.12,0.01657,29,5.3,-12.49,0.98205,15,79.29,-35.27,0.00138,2,16,-50.56,-62.48,0.32542,29,43.39,-10.85,0.67458,2,16,-23.64,-54.6,0.62083,29,70.32,-2.97,0.37917,2,16,3.47,-42.12,0.83611,29,97.43,9.51,0.16389,2,16,3.47,-13.88,0.95508,29,97.43,37.75,0.04492,1,16,3.47,4.44,1,2,16,-11.49,-1.4,0.95507,29,82.47,50.22,0.04493,2,16,-35.79,-12.89,0.67475,29,58.17,38.73,0.32525,2,16,-58.77,-20.77,0.34618,29,35.18,30.85,0.65382,3,16,-86.35,-25.37,0.06952,29,7.6,26.25,0.92599,15,81.59,3.48,0.00449,3,16,-107.04,-29.31,0.00246,29,-13.08,22.31,0.87555,15,60.9,-0.46,0.12199,2,29,-37.38,22.64,0.4967,15,36.61,-0.13,0.5033,2,29,-66.93,24.28,0.04055,15,7.05,1.51,0.95945],"hull":19,"edges":[0,2,2,4,4,6,6,8,8,10,10,12,12,14,14,16,16,18,18,20,20,22,22,24,24,26,26,28,28,30,30,32,32,34,34,36,0,36],"width":177,"height":70}},"flag7":{"flag7":{"type":"mesh","uvs":[0,0.52535,0.07694,0.55989,0.15727,0.58456,0.26737,0.57469,0.3358,0.54015,0.4087,0.42667,0.46375,0.29839,0.50838,0.17998,0.56937,0.24412,0.64674,0.25398,0.75831,0.26385,0.82973,0.21451,0.9056,0.15037,0.97701,0,0.99784,0,0.99189,0.15037,0.95023,0.51548,0.82675,0.78192,0.69434,0.78192,0.60657,0.78192,0.52325,0.70298,0.46226,0.87073,0.38043,0.94967,0.29563,0.98915,0.10372,1,0.00106,0.98915],"triangles":[25,1,24,24,1,2,25,0,1,23,2,3,23,24,2,23,4,22,23,3,4,21,22,5,22,4,5,21,5,20,20,8,19,19,8,9,5,6,20,20,6,8,8,6,7,17,11,16,18,10,17,17,10,11,10,18,9,18,19,9,11,12,16,16,12,15,12,13,15,15,13,14],"vertices":[1,12,-3.48,3.31,1,2,31,-48.3,21.19,0.17433,12,16.68,0.58,0.82567,2,31,-27.25,19.24,0.59094,12,37.73,-1.37,0.40906,3,13,-64.79,-23.77,0.05284,31,1.59,20.02,0.92752,12,66.57,-0.59,0.01964,2,13,-46.86,-21.05,0.27904,31,19.52,22.75,0.72096,2,13,-27.77,-12.08,0.63587,31,38.62,31.72,0.36413,2,13,-13.34,-1.95,0.90157,31,53.04,41.85,0.09843,1,13,-1.65,7.41,1,2,30,-41.72,26.97,0.19377,13,14.33,2.34,0.80623,3,14,-85.95,-19.56,2.3E-4,30,-21.45,26.19,0.6266,13,34.6,1.56,0.37317,3,14,-56.71,-20.34,0.10962,30,7.78,25.41,0.87132,13,63.83,0.78,0.01906,2,14,-38.01,-16.44,0.36406,30,26.49,29.31,0.63594,2,14,-18.13,-11.37,0.73102,30,46.37,34.38,0.26898,1,14,0.58,0.5,1,1,14,6.04,0.5,1,2,14,4.48,-11.37,0.95859,30,68.98,34.38,0.04141,2,14,-6.43,-40.22,0.59425,30,58.06,5.53,0.40575,2,14,-38.78,-61.27,0.15633,30,25.71,-15.52,0.84367,3,30,-8.98,-15.52,0.90935,13,47.07,-40.15,0.09063,31,113.46,3.65,2.0E-5,3,30,-31.98,-15.52,0.55391,13,24.08,-40.15,0.43179,31,90.46,3.65,0.0143,3,30,-53.8,-9.28,0.14566,13,2.25,-33.91,0.69816,31,68.63,9.89,0.15618,3,30,-69.79,-22.53,0.01249,13,-13.73,-47.16,0.55191,31,52.65,-3.36,0.4356,2,13,-35.17,-53.4,0.29768,31,31.22,-9.6,0.70232,2,13,-57.39,-56.52,0.05466,31,9,-12.72,0.94534,2,31,-41.28,-13.57,0.35754,12,23.7,-34.19,0.64246,2,31,-68.18,-12.72,0.08898,12,-3.2,-33.33,0.91102],"hull":26,"edges":[0,2,2,4,4,6,6,8,8,10,10,12,12,14,14,16,16,18,18,20,20,22,22,24,24,26,26,28,28,30,30,32,32,34,34,36,36,38,38,40,40,42,42,44,44,46,46,48,48,50,0,50],"width":262,"height":79}},"flag8":{"flag8":{"type":"mesh","uvs":[0,0.60532,0.12574,0.66411,0.31387,0.66411,0.50438,0.55756,0.65441,0.42161,0.75443,0.28567,0.84493,0.09461,0.94257,0,1,0.03949,0.99734,0.28934,0.92828,0.47305,0.75443,0.78903,0.47819,0.96907,0.26862,1,0.04477,1,0,0.84782],"triangles":[14,1,13,13,1,2,14,15,1,15,0,1,13,2,12,12,3,11,12,2,3,3,4,11,11,4,10,10,4,5,10,5,9,5,6,9,9,6,8,8,6,7],"vertices":[1,20,-4.36,4.93,1,2,32,-38.54,10.84,0.1254,20,9.22,0.81,0.8746,3,21,-67.1,-43.07,3.0E-5,32,-18.22,10.84,0.69895,20,29.54,0.81,0.30102,3,21,-46.52,-35.61,0.08368,32,2.35,18.3,0.91197,20,50.12,8.27,0.00435,2,21,-30.32,-26.09,0.37138,32,18.55,27.82,0.62862,2,21,-19.51,-16.58,0.67288,32,29.36,37.33,0.32712,2,21,-9.74,-3.2,0.93818,32,39.13,50.71,0.06182,1,21,0.8,3.42,1,2,21,7.01,0.66,0.9998,32,55.88,54.56,2.0E-4,2,21,6.72,-16.83,0.89674,32,55.59,37.07,0.10326,2,21,-0.74,-29.69,0.70438,32,48.13,24.22,0.29562,2,21,-19.51,-51.81,0.25222,32,29.36,2.1,0.74778,3,21,-49.35,-64.41,2.2E-4,32,-0.48,-10.51,0.9737,20,47.29,-20.53,0.02608,2,32,-23.11,-12.67,0.53431,20,24.66,-22.7,0.46569,2,32,-47.29,-12.67,0.09726,20,0.48,-22.7,0.90274,2,32,-52.12,-2.02,0.03628,20,-4.36,-12.05,0.96372],"hull":16,"edges":[0,2,2,4,4,6,6,8,8,10,10,12,12,14,14,16,16,18,18,20,20,22,22,24,24,26,26,28,28,30,0,30],"width":108,"height":70}},"FLAGS":{"FLAGS":{"x":100.19,"y":300.48,"width":729,"height":114}},"FLAMES":{"FLAMES":{"x":48.94,"y":490.98,"scaleX":1.02,"scaleY":1.02,"width":1891,"height":639}},"ground light":{"ground light":{"x":15.94,"y":108.33,"width":1922,"height":356}},"ground light2":{"ground light":{"x":15.94,"y":108.33,"width":1922,"height":356}},"ight 6":{"LIGHT 6":{"type":"mesh","uvs":[1,1,0,1,0,0,1,0],"triangles":[1,2,3,1,3,0],"vertices":[939.95,390.52,571.05,390.52,571.05,574.97,939.95,574.97],"hull":4,"edges":[0,2,2,4,4,6,0,6],"width":434,"height":217}},"light":{"light":{"type":"mesh","uvs":[1,1,0,1,0,0,1,0],"triangles":[1,2,3,1,3,0],"vertices":[1436.98,0.22,-1877.78,0.22,-1877.78,793.22,1436.98,793.22],"hull":4,"edges":[0,2,2,4,4,6,0,6],"width":797,"height":793}},"light 1":{"LIGHT 1":{"type":"mesh","uvs":[1,1,0,1,0,0,1,0],"triangles":[1,2,3,1,3,0],"vertices":[1012.4,189.65,583.15,189.65,583.15,327.35,1012.4,327.35],"hull":4,"edges":[0,2,2,4,4,6,0,6],"width":505,"height":162}},"light2":{"LIGHT 2":{"type":"mesh","uvs":[1,1,0,1,0,0,1,0],"triangles":[1,2,3,1,3,0],"vertices":[-703.83,761.75,-803.28,761.75,-803.28,835.7,-703.83,835.7],"hull":4,"edges":[0,2,2,4,4,6,0,6],"width":117,"height":87}},"light 3":{"LIGHT 3":{"type":"mesh","uvs":[1,1,0,1,0,0,1,0],"triangles":[1,2,3,1,3,0],"vertices":[-760.54,418.54,-939.89,418.54,-939.89,512.89,-760.54,512.89],"hull":4,"edges":[0,2,2,4,4,6,0,6],"width":211,"height":111}},"light 4":{"LIGHT 4":{"type":"mesh","uvs":[1,1,0,1,0,0,1,0],"triangles":[1,2,3,1,3,0],"vertices":[-535.06,392.09,-689.76,392.09,-689.76,616.49,-535.06,616.49],"hull":4,"edges":[0,2,2,4,4,6,0,6],"width":182,"height":264}},"light 5":{"LIGHT 5":{"type":"mesh","uvs":[1,1,0,1,0,0,1,0],"triangles":[1,2,3,1,3,0],"vertices":[-504.51,111.52,-850.46,111.52,-850.46,288.32,-504.51,288.32],"hull":4,"edges":[0,2,2,4,4,6,0,6],"width":407,"height":208}},"mask":{"mask":{"x":-821.61,"y":330.85,"width":87,"height":102}},"mask bird":{"mask bird":{"x":-792.81,"y":359.75,"width":223,"height":255}},"root":{"root":{"type":"clipping","end":"root","vertexCount":4,"vertices":[-961,541,-961,-541,961,-541,961,541],"color":"ce3a3aff"}}}}],"animations":{"DESKTOPBG_NIGHT":{"slots":{"BACK":{"attachment":[{"name":"BACK"}]},"bell":{"attachment":[{"name":"bell"}]},"candle lights":{"rgba":[{"color":"ffffffe4"}],"attachment":[{"name":"candle lights"}]},"CANDLES":{"attachment":[{"name":"CANDLES"}]},"flag1":{"attachment":[{"name":"flag1"}]},"flag2":{"attachment":[{"name":"flag2"}]},"flag3":{"attachment":[{"name":"flag3"}]},"flag4":{"attachment":[{"name":"flag4"}]},"flag5":{"attachment":[{"name":"flag5"}]},"flag6":{"attachment":[{"name":"flag6"}]},"flag7":{"attachment":[{"name":"flag7"}]},"flag8":{"attachment":[{"name":"flag8"}]},"FLAGS":{"attachment":[{"name":"FLAGS"}]},"FLAMES":{"attachment":[{"name":"FLAMES"}]},"ground light":{"attachment":[{"name":"ground light"}]},"ground light2":{"rgba":[{"color":"ffffff00"},{"time":0.2333,"color":"ffffff1b"},{"time":0.5,"color":"ffffff00"},{"time":0.6667,"color":"ffffff19"},{"time":0.9333,"color":"ffffff00"},{"time":1.1667,"color":"ffffff1d"},{"time":1.4333,"color":"ffffff00"},{"time":1.6,"color":"ffffff16"},{"time":1.8667,"color":"ffffff00"},{"time":2.0667,"color":"ffffff1e"},{"time":2.3333,"color":"ffffff00"}],"attachment":[{"name":"ground light"}]},"ight 6":{"rgba":[{"color":"ffffff24"},{"time":0.0667,"color":"ffffff50"},{"time":0.2667,"color":"ffffff00"},{"time":0.4667,"color":"ffffff50"},{"time":0.6333,"color":"ffffff00"},{"time":0.8333,"color":"ffffff50"},{"time":1.0333,"color":"ffffff00"},{"time":1.2333,"color":"ffffff50"},{"time":1.4333,"color":"ffffff00"},{"time":1.6333,"color":"ffffff50"},{"time":1.8,"color":"ffffff00"},{"time":2,"color":"ffffff50"},{"time":2.2,"color":"ffffff00"},{"time":2.3333,"color":"ffffff24"}],"attachment":[{"name":"LIGHT 6"}]},"light":{"rgba":[{"color":"58d5ff00"},{"time":1.1667,"color":"5ddaff18"},{"time":2.3333,"color":"58d5ff00"}],"attachment":[{"name":"light"}]},"light 1":{"rgba":[{"color":"ffffff00"},{"time":0.2,"color":"ffffff47"},{"time":0.4,"color":"ffffff00"},{"time":0.6,"color":"ffffff36"},{"time":0.7667,"color":"ffffff00"},{"time":0.9667,"color":"ffffff36"},{"time":1.1667,"color":"ffffff00"},{"time":1.3667,"color":"ffffff36"},{"time":1.5667,"color":"ffffff00"},{"time":1.7667,"color":"ffffff36"},{"time":1.9333,"color":"ffffff00"},{"time":2.1333,"color":"ffffff36"},{"time":2.3333,"color":"ffffff00"}],"attachment":[{"name":"LIGHT 1"}]},"light2":{"rgba":[{"color":"ffffff00"},{"time":0.2,"color":"ffffff6a"},{"time":0.4,"color":"ffffff00"},{"time":0.6,"color":"ffffff6a"},{"time":0.7667,"color":"ffffff00"},{"time":0.9667,"color":"ffffff6a"},{"time":1.1667,"color":"ffffff00"},{"time":1.3667,"color":"ffffff6a"},{"time":1.5667,"color":"ffffff00"},{"time":1.7667,"color":"ffffff6a"},{"time":1.9667,"color":"ffffff00"},{"time":2.1333,"color":"ffffff6a"},{"time":2.3333,"color":"ffffff00"}],"attachment":[{"name":"LIGHT 2"}]},"light 3":{"rgba":[{"color":"ffffff35"},{"time":0.1,"color":"ffffff6a"},{"time":0.3,"color":"ffffff00"},{"time":0.5,"color":"ffffff6a"},{"time":0.6667,"color":"ffffff00"},{"time":0.8667,"color":"ffffff6a"},{"time":1.0667,"color":"ffffff00"},{"time":1.2667,"color":"ffffff6a"},{"time":1.4667,"color":"ffffff00"},{"time":1.6667,"color":"ffffff6a"},{"time":1.8667,"color":"ffffff00"},{"time":2.0333,"color":"ffffff6a"},{"time":2.2333,"color":"ffffff00"},{"time":2.3333,"color":"ffffff35"}],"attachment":[{"name":"LIGHT 3"}]},"light 4":{"rgba":[{"color":"ffffff35"},{"time":0.1,"color":"ffffff00"},{"time":0.3,"color":"ffffff6a"},{"time":0.5,"color":"ffffff00"},{"time":0.7,"color":"ffffff6a"},{"time":0.8667,"color":"ffffff00"},{"time":1.0667,"color":"ffffff6a"},{"time":1.2667,"color":"ffffff00"},{"time":1.4667,"color":"ffffff6a"},{"time":1.6667,"color":"ffffff00"},{"time":1.8667,"color":"ffffff6a"},{"time":2.0667,"color":"ffffff00"},{"time":2.2333,"color":"ffffff6a"},{"time":2.3333,"color":"ffffff35"}],"attachment":[{"name":"LIGHT 4"}]},"light 5":{"rgba":[{"color":"ffffff00"},{"time":0.2,"color":"ffffff6c"},{"time":0.4,"color":"ffffff00"},{"time":0.6,"color":"ffffff45"},{"time":0.7667,"color":"ffffff00"},{"time":0.9667,"color":"ffffff60"},{"time":1.1667,"color":"ffffff00"},{"time":1.3667,"color":"ffffff5b"},{"time":1.5667,"color":"ffffff00"},{"time":1.7667,"color":"ffffff45"},{"time":1.9667,"color":"ffffff00"},{"time":2.1333,"color":"ffffff58"},{"time":2.3333,"color":"ffffff00"}],"attachment":[{"name":"LIGHT 5"}]},"wind line 1":{"rgba":[{"color":"fffaed94"}]},"wind line 2":{"rgba":[{"color":"ffffff9e"}]}},"bones":{"bell":{"rotate":[{"value":3.61}]},"flag20":{"rotate":[{"value":9.57,"curve":[0.113,11.34,0.223,12.7]},{"time":0.3333,"value":12.7,"curve":[0.767,12.7,1.2,0]},{"time":1.6333,"curve":[1.868,0,2.102,5.81]},{"time":2.3333,"value":9.57}],"translate":[{"curve":[0.266,2.41,0.507,9.25,0.26,0,0.507,-3.27]},{"time":0.7667,"x":14.17,"y":-3.27,"curve":[0.996,18.51,1.235,17.04,0.994,-3.27,1.24,-3.27]},{"time":1.4667,"x":14.46,"y":-3.27,"curve":[1.768,11.1,2.019,-2.85,1.768,-3.27,2.032,0]},{"time":2.3333}]},"flag31":{"rotate":[{"value":9.83,"curve":[0.302,6.08,0.601,0]},{"time":0.9,"curve":[1.134,0,1.368,5.81]},{"time":1.6,"value":9.57,"curve":[1.713,11.34,1.823,12.7]},{"time":1.9333,"value":12.7,"curve":[2.068,12.7,2.202,11.51]},{"time":2.3333,"value":9.83}],"translate":[{"x":13.51,"y":-3.23,"curve":[0.013,13.71,0.023,13.97,0.013,-3.24,0.023,-3.27]},{"time":0.0333,"x":14.17,"y":-3.27,"curve":[0.263,18.51,0.502,17.04,0.26,-3.27,0.506,-3.27]},{"time":0.7333,"x":14.46,"y":-3.27,"curve":[1.035,11.1,1.286,-2.85,1.035,-3.27,1.299,0]},{"time":1.6,"curve":[1.855,2.31,2.088,8.65,1.849,0,2.087,-2.99]},{"time":2.3333,"x":13.51,"y":-3.23}]},"flag32":{"rotate":[{"value":0.63,"curve":[0.057,0.27,0.112,0]},{"time":0.1667,"curve":[0.401,0,0.635,5.81]},{"time":0.8667,"value":9.57,"curve":[0.98,11.34,1.09,12.7]},{"time":1.2,"value":12.7,"curve":[1.578,12.7,1.957,3.08]},{"time":2.3333,"value":0.63}],"translate":[{"x":14.46,"y":-3.27,"curve":[0.301,11.1,0.553,-2.85,0.301,-3.27,0.565,0]},{"time":0.8667,"curve":[1.132,2.41,1.374,9.25,1.126,0,1.374,-3.27]},{"time":1.6333,"x":14.17,"y":-3.27,"curve":[1.863,18.51,2.102,17.04,1.86,-3.27,2.106,-3.27]},{"time":2.3333,"x":14.46,"y":-3.27}]},"flag22":{"rotate":[{"value":12.07,"curve":[0.379,9.57,0.756,0]},{"time":1.1333,"curve":[1.368,0,1.602,5.81]},{"time":1.8333,"value":9.57,"curve":[1.946,11.34,2.056,12.7]},{"time":2.1667,"value":12.7,"curve":[2.223,12.7,2.279,12.45]},{"time":2.3333,"value":12.07}],"translate":[{"x":8.6,"y":-2.36,"curve":[0.089,10.5,0.177,12.47,0.088,-2.87,0.177,-3.27]},{"time":0.2667,"x":14.17,"y":-3.27,"curve":[0.496,18.51,0.735,17.04,0.494,-3.27,0.74,-3.27]},{"time":0.9667,"x":14.46,"y":-3.27,"curve":[1.268,11.1,1.519,-2.85,1.268,-3.27,1.532,0]},{"time":1.8333,"curve":[2.007,1.57,2.17,5.01,2.003,0,2.167,-1.39]},{"time":2.3333,"x":8.6,"y":-2.36}]},"flag23":{"rotate":[{"value":7.56,"curve":[0.245,4.04,0.489,0]},{"time":0.7333,"curve":[0.968,0,1.202,5.81]},{"time":1.4333,"value":9.57,"curve":[1.546,11.34,1.656,12.7]},{"time":1.7667,"value":12.7,"curve":[1.956,12.7,2.145,10.28]},{"time":2.3333,"value":7.56}],"translate":[{"x":16.05,"y":-3.27,"curve":[0.188,17.88,0.38,16.54,0.188,-3.27,0.383,-3.27]},{"time":0.5667,"x":14.46,"y":-3.27,"curve":[0.868,11.1,1.119,-2.85,0.868,-3.27,1.132,0]},{"time":1.4333,"curve":[1.699,2.41,1.941,9.25,1.693,0,1.94,-3.27]},{"time":2.2,"x":14.17,"y":-3.27,"curve":[2.244,15.01,2.289,15.61,2.244,-3.27,2.289,-3.27]},{"time":2.3333,"x":16.05,"y":-3.27}]},"flag24":{"rotate":[{"value":1.25,"curve":[0.168,3.16,0.335,6.89]},{"time":0.5,"value":9.57,"curve":[0.613,11.34,0.723,12.7]},{"time":0.8333,"value":12.7,"curve":[1.267,12.7,1.7,0]},{"time":2.1333,"curve":[2.2,0,2.268,0.48]},{"time":2.3333,"value":1.25}],"translate":[{"x":6.52,"y":-2.01,"curve":[0.16,2.28,0.32,-1.63,0.165,-1.09,0.326,0]},{"time":0.5,"curve":[0.766,2.41,1.007,9.25,0.76,0,1.007,-3.27]},{"time":1.2667,"x":14.17,"y":-3.27,"curve":[1.496,18.51,1.735,17.04,1.494,-3.27,1.74,-3.27]},{"time":1.9667,"x":14.46,"y":-3.27,"curve":[2.095,13.03,2.215,9.69,2.094,-3.27,2.215,-2.69]},{"time":2.3333,"x":6.52,"y":-2.01}]},"flag25":{"rotate":[{"value":3.29,"curve":[0.18,1.56,0.357,0]},{"time":0.5333,"curve":[0.9,0,1.267,8.23]},{"time":1.6333,"value":8.23,"curve":[1.868,8.23,2.102,5.59]},{"time":2.3333,"value":3.29}],"translate":[{"x":-8.05,"curve":[0.378,-8.05,0.756,15.29,0.378,0,0.756,0]},{"time":1.1333,"x":15.29,"curve":[1.533,15.29,1.933,-8.05,1.533,0,1.933,0]},{"time":2.3333,"x":-8.05}]},"flag26":{"rotate":[{"value":6.76,"curve":[0.124,5.8,0.246,4.5]},{"time":0.3667,"value":3.29,"curve":[0.546,1.56,0.723,0]},{"time":0.9,"curve":[1.267,0,1.633,8.23]},{"time":2,"value":8.23,"curve":[2.112,8.23,2.223,7.64]},{"time":2.3333,"value":6.76}],"translate":[{"x":-2.83,"curve":[0.124,-5.82,0.245,-8.05,0.124,0,0.245,0]},{"time":0.3667,"x":-8.05,"curve":[0.744,-8.05,1.122,15.29,0.744,0,1.122,0]},{"time":1.5,"x":15.29,"curve":[1.779,15.29,2.057,4.04,1.779,0,2.057,0]},{"time":2.3333,"x":-2.83}]},"flag27":{"rotate":[{"value":0.03,"curve":[0.012,0.02,0.023,0]},{"time":0.0333,"curve":[0.4,0,0.767,8.23]},{"time":1.1333,"value":8.23,"curve":[1.368,8.23,1.602,5.59]},{"time":1.8333,"value":3.29,"curve":[2.002,1.66,2.169,0.2]},{"time":2.3333,"value":0.03}],"translate":[{"x":1.59,"curve":[0.213,8,0.423,15.29,0.213,0,0.423,0]},{"time":0.6333,"x":15.29,"curve":[1.033,15.29,1.433,-8.05,1.033,0,1.433,0]},{"time":1.8333,"x":-8.05,"curve":[2.001,-8.05,2.168,-3.52,2.001,0,2.168,0]},{"time":2.3333,"x":1.59}]},"flag30":{"rotate":[{"value":6.49,"curve":[0.112,5.56,0.223,4.39]},{"time":0.3333,"value":3.29,"curve":[0.513,1.56,0.69,0]},{"time":0.8667,"curve":[1.233,0,1.6,8.23]},{"time":1.9667,"value":8.23,"curve":[2.089,8.23,2.212,7.51]},{"time":2.3333,"value":6.49}],"translate":[{"x":-3.59,"curve":[0.112,-6.17,0.223,-8.05,0.112,0,0.223,0]},{"time":0.3333,"x":-8.05,"curve":[0.711,-8.05,1.089,15.29,0.711,0,1.089,0]},{"time":1.4667,"x":15.29,"curve":[1.756,15.29,2.045,3.17,1.756,0,2.045,0]},{"time":2.3333,"x":-3.59}]},"flag29":{"rotate":[{"value":0.03,"curve":[0.012,0.02,0.023,0]},{"time":0.0333,"curve":[0.4,0,0.767,8.23]},{"time":1.1333,"value":8.23,"curve":[1.368,8.23,1.602,5.59]},{"time":1.8333,"value":3.29,"curve":[2.002,1.66,2.169,0.2]},{"time":2.3333,"value":0.03}],"translate":[{"x":1.59,"curve":[0.213,8,0.423,15.29,0.213,0,0.423,0]},{"time":0.6333,"x":15.29,"curve":[1.033,15.29,1.433,-8.05,1.033,0,1.433,0]},{"time":1.8333,"x":-8.05,"curve":[2.001,-8.05,2.168,-3.52,2.001,0,2.168,0]},{"time":2.3333,"x":1.59}]},"flag28":{"rotate":[{"value":0.03,"curve":[0.012,0.02,0.023,0]},{"time":0.0333,"curve":[0.4,0,0.767,8.23]},{"time":1.1333,"value":8.23,"curve":[1.368,8.23,1.602,5.59]},{"time":1.8333,"value":3.29,"curve":[2.002,1.66,2.169,0.2]},{"time":2.3333,"value":0.03}],"translate":[{"x":1.59,"curve":[0.213,8,0.423,15.29,0.213,0,0.423,0]},{"time":0.6333,"x":15.29,"curve":[1.033,15.29,1.433,-8.05,1.033,0,1.433,0]},{"time":1.8333,"x":-8.05,"curve":[2.001,-8.05,2.168,-3.52,2.001,0,2.168,0]},{"time":2.3333,"x":1.59}]}},"attachments":{"default":{"candle lights":{"candle lights":{"deform":[{},{"time":0.1,"vertices":[2.3658,0,2.3658,0,2.3658,0,2.3658]},{"time":0.2},{"time":0.2667,"vertices":[2.3658,0,2.3658,0,2.3658,0,2.3658]},{"time":0.3667},{"time":0.4667,"vertices":[2.3658,0,2.3658,0,2.3658,0,2.3658]},{"time":0.5667},{"time":0.6667,"vertices":[2.3658,0,2.3658,0,2.3658,0,2.3658]},{"time":0.7333},{"time":0.8333,"vertices":[2.3658,0,2.3658,0,2.3658,0,2.3658]},{"time":0.9333},{"time":1.0333,"vertices":[2.3658,0,2.3658,0,2.3658,0,2.3658]},{"time":1.1},{"time":1.2,"vertices":[2.3658,0,2.3658,0,2.3658,0,2.3658]},{"time":1.3},{"time":1.4,"vertices":[2.3658,0,2.3658,0,2.3658,0,2.3658]},{"time":1.5},{"time":1.5667,"vertices":[2.3658,0,2.3658,0,2.3658,0,2.3658]},{"time":1.6667},{"time":1.7667,"vertices":[2.3658,0,2.3658,0,2.3658,0,2.3658]},{"time":1.8667},{"time":1.9667,"vertices":[2.3658,0,2.3658,0,2.3658,0,2.3658]},{"time":2.0333},{"time":2.1333,"vertices":[2.3658,0,2.3658,0,2.3658,0,2.3658]},{"time":2.2333},{"time":2.3333,"vertices":[2.3658,0,2.3658,0,2.3658,0,2.3658]}]}},"light":{"light":{"deform":[{"vertices":[218.27509,-76.85736,218.27509,-76.85736,218.27509,-76.85736,218.27509,-76.85736]}]}}}}}}}