{
	"alpha": {
		"start": 1,
		"end": 1
	},
	"scale": {
		"start": 0.5,
		"end": 0.5,
		"minimumScaleMultiplier": 1
	},
	"color": {
		"start": "#ffffff",
		"end": "#ffffff"
	},
	"speed": {
		"start": 700,
		"end": 700,
		"minimumSpeedMultiplier": 1
	},
	"acceleration": {
		"x": 0,
		"y": 0
	},
	"maxSpeed": 0,
	"startRotation": {
		"min": 360,
		"max": 0
	},
	"noRotation": false,
	"rotationSpeed": {
		"min": 360,
		"max": 0
	},
	"lifetime": {
		"min": 2,
		"max": 3
	},
	"blendMode": "normal",
	"ease": [
		{
			"s": 0,
			"cp": 0.329,
			"e": 0.548
		},
		{
			"s": 0.548,
			"cp": 0.767,
			"e": 0.876
		},
		{
			"s": 0.876,
			"cp": 0.985,
			"e": 1
		}
	],
	"frequency": 0.001,
	"emitterLifetime": 0.1,
	"maxParticles": 90,
	"pos": {
		"x": 0,
		"y": 0
	},
	"addAtBack": true,
	"spawnType": "point"
}