{"frames": {

"background/BACKGROUND":
{
	"frame": {"x":1,"y":1,"w":1651,"h":929},
	"rotated": false,
	"trimmed": false,
	"spriteSourceSize": {"x":0,"y":0,"w":1651,"h":929},
	"sourceSize": {"w":1651,"h":929}
},
"background/MULTIPLIER_PAD":
{
	"frame": {"x":1790,"y":793,"w":276,"h":228},
	"rotated": true,
	"trimmed": true,
	"spriteSourceSize": {"x":113,"y":0,"w":276,"h":228},
	"sourceSize": {"w":1651,"h":929}
},
"character/spike":
{
	"frame": {"x":1985,"y":538,"w":13,"h":35},
	"rotated": false,
	"trimmed": false,
	"spriteSourceSize": {"x":0,"y":0,"w":13,"h":35},
	"sourceSize": {"w":13,"h":35}
},
"info/continue":
{
	"frame": {"x":1,"y":1708,"w":464,"h":44},
	"rotated": false,
	"trimmed": true,
	"spriteSourceSize": {"x":594,"y":841,"w":464,"h":44},
	"sourceSize": {"w":1651,"h":929}
},
"info/info_bg":
{
	"frame": {"x":1,"y":932,"w":1376,"h":774},
	"rotated": false,
	"trimmed": false,
	"spriteSourceSize": {"x":0,"y":0,"w":1376,"h":774},
	"sourceSize": {"w":1376,"h":774}
},
"info/Info_logo":
{
	"frame": {"x":1654,"y":538,"w":329,"h":253},
	"rotated": false,
	"trimmed": true,
	"spriteSourceSize": {"x":661,"y":23,"w":329,"h":253},
	"sourceSize": {"w":1651,"h":929}
},
"info/info_maxwin":
{
	"frame": {"x":1379,"y":932,"w":409,"h":556},
	"rotated": false,
	"trimmed": true,
	"spriteSourceSize": {"x":1010,"y":265,"w":409,"h":556},
	"sourceSize": {"w":1651,"h":929}
},
"info/info_scatter":
{
	"frame": {"x":1654,"y":1,"w":378,"h":535},
	"rotated": false,
	"trimmed": true,
	"spriteSourceSize": {"x":637,"y":286,"w":378,"h":535},
	"sourceSize": {"w":1651,"h":929}
},
"info/info_wild":
{
	"frame": {"x":1379,"y":1490,"w":379,"h":547},
	"rotated": true,
	"trimmed": true,
	"spriteSourceSize": {"x":232,"y":274,"w":379,"h":547},
	"sourceSize": {"w":1651,"h":929}
},
"symbols/10":
{
	"frame": {"x":799,"y":1708,"w":150,"h":127},
	"rotated": false,
	"trimmed": false,
	"spriteSourceSize": {"x":0,"y":0,"w":150,"h":127},
	"sourceSize": {"w":150,"h":127}
},
"symbols/A":
{
	"frame": {"x":1092,"y":1708,"w":120,"h":126},
	"rotated": true,
	"trimmed": false,
	"spriteSourceSize": {"x":0,"y":0,"w":120,"h":126},
	"sourceSize": {"w":120,"h":126}
},
"symbols/DOGGY":
{
	"frame": {"x":632,"y":1708,"w":165,"h":160},
	"rotated": false,
	"trimmed": false,
	"spriteSourceSize": {"x":0,"y":0,"w":165,"h":160},
	"sourceSize": {"w":165,"h":160}
},
"symbols/J":
{
	"frame": {"x":1,"y":1754,"w":101,"h":128},
	"rotated": true,
	"trimmed": false,
	"spriteSourceSize": {"x":0,"y":0,"w":101,"h":128},
	"sourceSize": {"w":101,"h":128}
},
"symbols/K":
{
	"frame": {"x":1654,"y":793,"w":121,"h":134},
	"rotated": true,
	"trimmed": false,
	"spriteSourceSize": {"x":0,"y":0,"w":121,"h":134},
	"sourceSize": {"w":121,"h":134}
},
"symbols/LOLITA":
{
	"frame": {"x":1790,"y":1236,"w":166,"h":166},
	"rotated": false,
	"trimmed": false,
	"spriteSourceSize": {"x":0,"y":0,"w":166,"h":166},
	"sourceSize": {"w":166,"h":166}
},
"symbols/Q":
{
	"frame": {"x":951,"y":1708,"w":120,"h":139},
	"rotated": true,
	"trimmed": false,
	"spriteSourceSize": {"x":0,"y":0,"w":120,"h":139},
	"sourceSize": {"w":120,"h":139}
},
"symbols/TAPIR":
{
	"frame": {"x":1790,"y":1071,"w":171,"h":163},
	"rotated": false,
	"trimmed": false,
	"spriteSourceSize": {"x":0,"y":0,"w":171,"h":163},
	"sourceSize": {"w":171,"h":163}
},
"symbols/VULTURE":
{
	"frame": {"x":467,"y":1708,"w":161,"h":163},
	"rotated": true,
	"trimmed": false,
	"spriteSourceSize": {"x":0,"y":0,"w":161,"h":163},
	"sourceSize": {"w":161,"h":163}
}},
"meta": {
	"app": "https://www.codeandweb.com/texturepacker",
	"version": "1.1",
	"image": "sheet.png",
	"format": "RGBA8888",
	"size": {"w":2033,"h":1870},
	"scale": "0.86",
	"smartupdate": "$TexturePacker:SmartUpdate:5301ebe9f19b77e9581f34e4b1e6d09e:495b6a96957a930fba52fa64dd096a50:9c44ecd7e9a522007eaff2949095bc1d$"
}
}
