{"frames": {

"background/BACKGROUND":
{
	"frame": {"x":1,"y":1,"w":1651,"h":929},
	"rotated": false,
	"trimmed": false,
	"spriteSourceSize": {"x":0,"y":0,"w":1651,"h":929},
	"sourceSize": {"w":1651,"h":929}
},
"character/CACTUS DONE":
{
	"frame": {"x":1,"y":1708,"w":263,"h":421},
	"rotated": true,
	"trimmed": false,
	"spriteSourceSize": {"x":0,"y":0,"w":263,"h":421},
	"sourceSize": {"w":263,"h":421}
},
"info/continue":
{
	"frame": {"x":1790,"y":806,"w":464,"h":44},
	"rotated": true,
	"trimmed": true,
	"spriteSourceSize": {"x":594,"y":841,"w":464,"h":44},
	"sourceSize": {"w":1651,"h":929}
},
"info/info_bg":
{
	"frame": {"x":1,"y":932,"w":1376,"h":774},
	"rotated": false,
	"trimmed": false,
	"spriteSourceSize": {"x":0,"y":0,"w":1376,"h":774},
	"sourceSize": {"w":1376,"h":774}
},
"info/Info_logo":
{
	"frame": {"x":424,"y":1708,"w":329,"h":253},
	"rotated": false,
	"trimmed": true,
	"spriteSourceSize": {"x":661,"y":23,"w":329,"h":253},
	"sourceSize": {"w":1651,"h":929}
},
"info/info_maxwin":
{
	"frame": {"x":1379,"y":932,"w":409,"h":556},
	"rotated": false,
	"trimmed": true,
	"spriteSourceSize": {"x":1010,"y":265,"w":409,"h":556},
	"sourceSize": {"w":1651,"h":929}
},
"info/info_scatter":
{
	"frame": {"x":1654,"y":1,"w":378,"h":535},
	"rotated": false,
	"trimmed": true,
	"spriteSourceSize": {"x":637,"y":286,"w":378,"h":535},
	"sourceSize": {"w":1651,"h":929}
},
"info/info_wild":
{
	"frame": {"x":1379,"y":1490,"w":379,"h":547},
	"rotated": true,
	"trimmed": true,
	"spriteSourceSize": {"x":232,"y":274,"w":379,"h":547},
	"sourceSize": {"w":1651,"h":929}
},
"logo/LOGO":
{
	"frame": {"x":1654,"y":538,"w":340,"h":266},
	"rotated": false,
	"trimmed": false,
	"spriteSourceSize": {"x":0,"y":0,"w":340,"h":266},
	"sourceSize": {"w":340,"h":266}
},
"symbols/10":
{
	"frame": {"x":1836,"y":1141,"w":150,"h":127},
	"rotated": false,
	"trimmed": false,
	"spriteSourceSize": {"x":0,"y":0,"w":150,"h":127},
	"sourceSize": {"w":150,"h":127}
},
"symbols/A":
{
	"frame": {"x":1061,"y":1708,"w":120,"h":126},
	"rotated": false,
	"trimmed": false,
	"spriteSourceSize": {"x":0,"y":0,"w":120,"h":126},
	"sourceSize": {"w":120,"h":126}
},
"symbols/DOGGY":
{
	"frame": {"x":1836,"y":974,"w":165,"h":160},
	"rotated": true,
	"trimmed": false,
	"spriteSourceSize": {"x":0,"y":0,"w":165,"h":160},
	"sourceSize": {"w":165,"h":160}
},
"symbols/J":
{
	"frame": {"x":1928,"y":1437,"w":101,"h":128},
	"rotated": false,
	"trimmed": false,
	"spriteSourceSize": {"x":0,"y":0,"w":101,"h":128},
	"sourceSize": {"w":101,"h":128}
},
"symbols/K":
{
	"frame": {"x":1654,"y":806,"w":121,"h":134},
	"rotated": true,
	"trimmed": false,
	"spriteSourceSize": {"x":0,"y":0,"w":121,"h":134},
	"sourceSize": {"w":121,"h":134}
},
"symbols/LOLITA":
{
	"frame": {"x":1836,"y":806,"w":166,"h":166},
	"rotated": false,
	"trimmed": false,
	"spriteSourceSize": {"x":0,"y":0,"w":166,"h":166},
	"sourceSize": {"w":166,"h":166}
},
"symbols/Q":
{
	"frame": {"x":920,"y":1708,"w":120,"h":139},
	"rotated": true,
	"trimmed": false,
	"spriteSourceSize": {"x":0,"y":0,"w":120,"h":139},
	"sourceSize": {"w":120,"h":139}
},
"symbols/TAPIR":
{
	"frame": {"x":1790,"y":1272,"w":171,"h":163},
	"rotated": false,
	"trimmed": false,
	"spriteSourceSize": {"x":0,"y":0,"w":171,"h":163},
	"sourceSize": {"w":171,"h":163}
},
"symbols/VULTURE":
{
	"frame": {"x":755,"y":1708,"w":161,"h":163},
	"rotated": true,
	"trimmed": false,
	"spriteSourceSize": {"x":0,"y":0,"w":161,"h":163},
	"sourceSize": {"w":161,"h":163}
}},
"meta": {
	"app": "https://www.codeandweb.com/texturepacker",
	"version": "1.1",
	"image": "sheet.png",
	"format": "RGBA8888",
	"size": {"w":2033,"h":1972},
	"scale": "0.86",
	"smartupdate": "$TexturePacker:SmartUpdate:1cfff9437255d855dc3d8aa9bcfe4095:e910bb044925e65557b899293025be12:9c44ecd7e9a522007eaff2949095bc1d$"
}
}
